"Daniel P. Aalberts","Physics","Kennedy P. Richardson '71 Professor of Physics","1989, B.S., Massachusetts Institute of Technology","1994, Ph.D., Massachusetts Institute of Technology"
"Tomas Adalsteinsson","Athletics","Assistant Professor of Physical Education and Head Women's Golf Coach","2011, M.A., John F. Kennedy University"
"Colin C. Adams","Mathematics and Statistics","Thomas T. Read Professor of Mathematics","1978, B.S., Massachusetts Institute of Technology","1983, Ph.D., University of Wisconsin, Madison"
"Zaid Adhami","Religion","Assistant Professor of Religion and Faculty Affiliate in Anthropology & Sociology","2010, B.A., Stanford University","2010, M.A., Stanford University"
"Jeannie R Albrecht","Computer Science","Professor of Computer Science","2001, B.S., Gettysburg College","2003, M.S., Duke University","2007, Ph.D., University of California, San Diego"
"Cecilia Aldarondo","Art","Assistant Professor of Art","2012, Ph.D., University of Minnesota"
"Laylah Ali","Art","Francis Christopher Oakley Third Century Professor of Art","1991, B.A., Williams College","1994, M.F.A., Washington University in St. Louis"
"Kris Allen","Music","Lyell B. Clay Artist in Residence in Jazz Activities/Lecturer in Music, Director of the Jazz Ensemble","1998, B.M., Hartt School, University of Hartford","2004, M.M., State University of NY, Purchase Conservatory"
"Sarah M. Allen","Comparative Literature","Chair and Associate Professor of Comparative Literature","1992, A.B., Harvard University","1996, M.A., University of Michigan","2003, Ph.D., Harvard University"
"Alex A. Apotsos","Geosciences","Lecturer in Geosciences","1999, B.S., Duke University","2007, Ph.D., Massachusetts Institute of Technology"
"Michelle M. Apotsos","Art","Associate Professor of Art","1999, B.A., University of North Carolina, Chapel Hill","2005, M.F.A., University of Arkansas, Fayetteville","2006, M.A., Tufts University","2013, Ph.D., Stanford University"
"Kevin M. App","Athletics","Assistant Professor of Physical Education and Head Men's Basketball Coach","2007, B.S., Cornell University"
"Quamrul H. Ashraf","Economics","Professor of Economics","1999, B.A., Trinity College","2004, M.A., Brown University","2009, Ph.D., Brown University"
"Sonya K. Auer","Biology","Visiting Assistant Professor of Biology","2001, B.A., Prescott College","2011, Ph.D., University of California, Riverside"
"Hossein Ayazi","American Studies","Visiting Assistant Professor of American Studies","2010, B.Sc., University of California, San Diego","2018, Ph.D., University of California, Berkeley"
"Duane A. Bailey","Computer Science","Professor of Computer Science","1982, B.A., Amherst College","1984, M.S., University of Massachusetts, Amherst","1988, Ph.D., University of Massachusetts, Amherst"
"Robert E. Baker-White","Theatre","Professor of Theatre","1980, B.A., Williams College","1983, M.F.A., University of Washington","1990, Ph.D., Stanford University"
"Jon M. Bakija","Economics","W. Van Alan Clark '41 Third Century Professor in the Social Sciences","1990, B.A., Wesleyan University","1995, M.A., University of Michigan","2000, Ph.D., University of Michigan"
"Lois M. Banta","Biology","Chair and Professor of Biology","1983, B.A., Johns Hopkins University","1990, Ph.D., California Institute of Technology"
"Daniel W. Barowy","Computer Science","Assistant Professor of Computer Science","2002, B.A., University of Massachusetts, Amherst","2010, B.S., Boston University","2013, M.S., Boston University","2017, Ph.D., University of Massachusetts, Amherst"
"Alix H. Barrale","Athletics","Assistant Professor of Physical Education and Head Field Hockey Coach","1993, B.A., Williams College","1996, M.S., Smith College"
"Bill Barrale","Athletics","Assistant Professor of Physical Education, Head Baseball Coach","1994, B.S., Northeastern University","2004, M.A., Rowan University"
"Ethan M. Barron","Athletics","Assistant Professor of Physical Education, Head Men's Track & Field Coach","2001, B.A., Tufts University","2005, M.Ed., Middlebury College"
"Melissa J. Barry","Philosophy","Professor of Philosophy","1988, B.A., Wheaton College","1998, Ph.D., University of Notre Dame"
"Ron D. Bassar","Biology","Assistant Professor of Biology","2001, B.A., Prescott College","2011, Ph.D., University of California, Riverside"
"Gene H. Bell-Villada","Romance Languages","Harry C. Payne Professor of Romance Languages","1963, B.A., University of Arizona","1967, M.A., University of California, Berkeley","1974, Ph.D., Harvard University"
"Ben Benedict","Art","Senior Lecturer","1973, B.A., Yale University","1976, M.Arch., Yale University"
"Magnus T. Bernhardsson","History","Chair of Arabic Studies, Brown Professor of History and Faculty Affiliate in Leadership Studies and Religion","1990, B.A., University of Iceland","1992, M.A., Yale University","1999, Ph.D., Yale University"
"Alexander Bevilacqua","History","Assistant Professor of History","2007, B.A., Harvard University","2008, M.Phil., Cambridge University","2010, M.A., Princeton University","2014, Ph.D., Princeton University"
"Mari Rodriguez Binnie","Art","Assistant Professor of Art","2005, B.A., Northwestern University","2011, M.A., University of Texas, Austin","2017, Ph.D., University of Texas, Austin"
"Julie C. Blackwood","Mathematics and Statistics","Associate Professor of Mathematics","2006, B.S., Rochester Institute of Technology","2010, Ph.D., University of California, Davis"
"M. Jennifer Bloxam","Music","Herbert H Lehman Professor of Music","1979, B.M., University of Illinois","1982, M.A., Yale University","1987, Ph.D., Yale University"
"Thomas P. Blumenauer","Athletics","Lecturer in Physical Education, Assistant Football Coach","2007, B.S., Ithaca College","2012, M.Ed., Saint Lawrence University"
"Casey D. Bohlen","History","Visiting Assistant Professor of History and Religion","2008, B.A., Brown University","2013, M.A., Harvard University","2016, Ph.D., Harvard University"
"Christopher A. Bolton","Comparative Literature","Professor of Comparative and Japanese Literature","1989, B.A., Harvard University","1998, Ph.D., Stanford University"
"Ralph M. Bradburd","Economics","David A. Wells Professor of Political Economy","1970, B.A., Columbia College","1975, M.A., Columbia University","1976, Ph.D., Columbia University"
"Alice C. Bradley","Geosciences","Assistant Professor of Geosciences","2011, B.E., Dartmouth College","2014, M.S., University of Colorado, Boulder","2016, Ph.D., University of Colorado, Boulder"
"Rashida K. Braggs","Africana Studies","Associate Professor of Africana Studies and Faculty Affiliate in Comparative Literature, Faculty Fellow of the Davis Center and the Office of Institutional Diversity, Equity and Inclusion","1998, B.A., Yale University","2000, M.S., Boston University","2006, Ph.D., Northwestern University"
"Janis Bravo","Biology","Instructor in Biology","1980, B.S., Cornell University","1990, Ph.D., Rutgers University"
"Johanna Breiding","Art","Assistant Professor of Art","2006, B.A., Scripps College","2012, M.F.A., California Institute of the Arts"
"Theresa Brock","Romance Languages","Visiting Assistant Professor of French Language and Francophone Cultures","2011, B.A., University of Delaware","2013, M.A., Pennsylvania State University","2017, Ph.D., Pennsylvania State University"
"Victoria Brooks","Graduate Program in the History of Art","Visiting Lecturer in the Graduate Program in Art History","2001, B.A., University of Bristol","2006, M.A., Royal College of Art"
"Deborah Brothers","Theatre","Costume Director and Lecturer in Theatre","1976, B.F.A., University of New Orleans","1979, M.F.A., California Institute of the Arts"
"Nicole G. Brown","Classics","Assistant Professor of Classics","2001, B.A., Mount Holyoke College","2003, M.A.T., University of Massachusetts, Amherst","2014, M.A., Princeton University","2018, Ph.D., Princeton University"
"Denise K. Buell","Religion","Cluett Professor of Religion","1987, B.A., Princeton University","1990, M.Div., Harvard University","1995, Ph.D., Harvard University"
"Sandra L. Burton","Dance","Lipp Family Director of Dance and Senior Lecturer in Dance","1983, B.A., City College of New York","1987, M.F.A., Bennington College"
"Xizhen Cai","Mathematics and Statistics","Assistant Professor of Statistics","2014, Ph.D., Pennsylvania State University"
"Corinna S. Campbell","Music","Associate Professor of Music","2003, B.M., Northwestern University","2005, M.M., Bowling Green State University","2012, Ph.D., Harvard University"
"Gerard Caprio","Economics","Chair of the Executive Committee for the Center for Development Economics and William Brough Professor of Economics","1972, B.A., Williams College","1974, M.A., University of Michigan","1976, Ph.D., University of Michigan"
"Deborah L. Carlisle","Biology","Instructor in Biology","2014, Ph.D., University of Massachusetts, Amherst"
"Josh Carlson","Mathematics and Statistics","Visiting Assistant Professor of Mathematics","2013, B.S., Iowa State University","2019, Ph.D., Iowa State University"
"Anthony J. Carrasquillo","Chemistry","Assistant Professor of Chemistry","2007, B.A., Bowdoin College","2007, B.A., Bowdoin College","2015, Ph.D., Massachusetts Institute of Technology"
"Matt E. Carter","Biology","Associate Professor of Biology","2000, B.A., Whitman College","2010, Ph.D., Stanford University"
"Gregory P. Casey","Economics","Assistant Professor of Economics","2018, Ph.D., Brown University"
"Alison A. Case","English","Dennis Meenan '54 Third Century Professor of English","1984, B.A., Oberlin College","1988, M.A., Cornell University","1991, Ph.D., Cornell University"
"Julie A. Cassiday","German and Russian","Willcox B. and Harriet M. Adsit Professor of Russian","1986, B.A., Grinnell College","1990, M.A., Stanford University","1995, Ph.D., Stanford University"
"David N. Cassuto","Environmental Studies","Class of 1946 Visiting Distinguished Professor of Environmental Studies","1985, B.A., Wesleyan University","1994, Ph.D., Indiana University"
"Victor A. Cazares","Psychology","Assistant Professor of Psychology","2007, B.A., California State University, Los Angeles","2009, M.A., California State University, Los Angeles","2015, Ph.D., University of Michigan"
"Anik A. Cepeda","Athletics","Assistant Professor of Physical Education and Head Coach of Women's Tennis","2013, B.A., College of William and Mary"
"Maria Elena Cepeda","Latina/o Studies Program","Chair and Professor of Latina/o Studies","1995, B.A., Kenyon College","1997, M.A., University of Michigan","2003, Ph.D., University of Michigan"
"Arturo Chang","Political Science","Gaius Charles Bolin Fellow in Political Science","2015, B.A., DePaul University","2017, M.A., Northwestern University"
"Cecilia Chang","Chinese","Frederick Latimer Wells Professor of Chinese","1981, B.A., Fu-Jen University","1987, M.A., University of California, Los Angeles","2004, Ph.D., University of Massachusetts, Amherst"
"Matthew Chao","Economics","Assistant Professor of Economics","2006, B.A., Dartmouth College","2015, Ph.D., California Institute of Technology"
"Jessica Chapman","History","Professor of History","1999, B.A., Valparaiso University","2001, M.A., University of California, Santa Barbara","2006, Ph.D., University of California, Santa Barbara"
"C. Ondine Chavoya","Art","Professor of Art","1992, B.A., University of California, Santa Cruz","1996, M.A., University of Rochester","2002, Ph.D., University of Rochester"
"Pei-Wen Chen","Biology","Assistant Professor of Biology","2001, B.S., National Yang-Ming University","2003, M.S., Albert Einstein College of Medicine","2008, Ph.D., Albert Einstein College of Medicine"
"Franny Choi","English","Gaius Charles Bolin Fellow in English","2011, B.A., Brown University","2018, M.F.A., University of Michigan"
"Kerry A. Christensen","Classics","Garfield Professor of Ancient Languages","1981, B.A., Swarthmore College","1983, M.A., Princeton University","1993, Ph.D., Princeton University"
"Kelly I Chung","Women's, Gender, and Sexuality Studies","Visiting Assistant Professor of of Women's, Gender, and Sexuality Studies","2018, Ph.D., Northwestern University"
"Cassandra J. Cleghorn","English","Senior Lecturer in English and American Studies","1983, B.A., University of California, Santa Cruz","1988, M.A., Yale University","1995, Ph.D., Yale University"
"Phoebe A. Cohen","Geosciences","Associate Professor of Geosciences","2002, B.A., Cornell University","2010, Ph.D., Harvard University"
"Jeremy D. Cone","Psychology","Assistant Professor of Psychology","2007, B.A., University of Waterloo","2012, Ph.D., Cornell University"
"Michael Conforti","Graduate Program in the History of Art","Lecturer in the Graduate Program in Art History","1968, B.A., Trinity College","1973, M.A., Harvard University","1977, Ph.D., Harvard University"
"Eliza L Congdon","Psychology","Assistant Professor of Psychology","2008, B.S., Brown University","2016, Ph.D., University of Chicago"
"Jose A. Constantine","Geosciences","Assistant Professor of Geosciences","1999, B.S., College of William and Mary","2002, M.S., University of California, Davis","2008, Ph.D., University of California, Santa Barbara"
"Mea S. Cook","Geosciences","Chair and Associate Professor of Geosciences","1999, B.A., Princeton University","2006, Ph.D., Massachusetts Institute of Technology"
"Carl B. Cornell","Romance Languages","Visiting Assistant Professor of French","2011, B.A., St. Lawrence University","2018, Ph.D., Pennsylvania State University"
"Ronadh Cox","Geosciences","Edward Brust Professor of Geology and Mineralogy","1985, B.S., University College Dublin","1993, Ph.D., Stanford University"
"George T. Crane","Political Science","Chair of Asian Studies and the Edward S. Greenbaum 1910 Professor of Political Science","1979, B.A., State University of New York, Purchase","1981, M.A., University of Wisconsin, Madison","1986, Ph.D., University of Wisconsin, Madison"
"Marshall Creighton","Athletics","Lecturer in Physical Education and Assistant Strength & Conditioning Coach","2002, B.A., Williams College"
"Justin Crowe","Political Science","Chair of Leadership Studies and Associate Professor of Political Science","2003, B.A., Williams College","2005, M.A., Princeton University","2007, Ph.D., Princeton University"
"Joseph L. Cruz","Philosophy","Professor of Philosophy","1991, B.A., Williams College","1999, Ph.D., University of Arizona"
"Erica Dankmeyer","Dance","Artist-in-Residence in Dance","1991, B.A., Williams College"
"Andrea Danyluk","Computer Science","Mary A and William Wirt Warren Professor of Computer Science, Chair of Cognitive Science Program","1984, A.B., Vassar College","1986, M.S., Columbia University","1992, Ph.D., Columbia University"
"Derek Dean","Biology","Lecturer in Biology","1994, B.A., Oberlin College","2004, Ph.D., Cornell University"
"Alan De Gooyer","History","Lecturer in English","1987, B.A., Colorado State University","1991, M.A., University of Denver","1994, Ph.D., University of Virginia"
"Edan Dekel","Classics","Chair and Professor of Classics, Chair of Jewish Studies Program","1996, B.A., Brown University","1998, M.A., University of California, Berkeley","2005, Ph.D., University of California, Berkeley"
"Christine DeLucia","History","Assistant Professor of History","2006, A.B., Harvard University","2009, M.Phil., Yale University","2012, Ph.D., Yale University"
"Richard D. De Veaux","Mathematics and Statistics","C. Carlisle and Margaret Tippit Professor of Statistics","1973, A.B., Princeton University","1980, M.A., Stanford University","1986, Ph.D., Stanford University"
"Charlie Doret","Physics","Associate Professor of Physics","2002, B.A., Williams College","2006, A.M., Harvard University","2010, Ph.D., Harvard University"
"Georges B. Dreyfus","Religion","Jackson Professor of Religion","1969, B.A., La Chaux-de-Fonds","1987, M.A., University of Virginia","1991, Ph.D., University of Virginia"
"Helga Druxes","German and Russian","Paul H. Hunn `55 Professor in Social Studies","1982, B.A., Westfalische Wilhelms University","1985, M.A., Brown University","1987, Ph.D., Brown University"
"Sara Dubow","History","Associate Dean of the Faculty, Professor of History","1991, B.A., Williams College","1996, M.A., University of Massachusetts, Amherst","2003, Ph.D., Rutgers University"
"Susan Dunn","Humanities","Massachusetts Professor of Humanities","1966, B.A., Smith College","1973, Ph.D., Harvard University"
"David B. Edwards","Anthropology and Sociology","James N. Lambert '39 Professor of Anthropology","1975, B.A., Princeton University","1979, M.A., University of Michigan","1986, Ph.D., University of Michigan"
"Holly Edwards","Art","Senior Lecturer in Art","1975, B.A., Princeton University","1981, M.A., University of Michigan","1990, Ph.D., New York University Institute of Fine Arts"
"Joan Edwards","Biology","Samuel Fessenden Clarke Professor of Biology","1971, B.A., University of Michigan","1972, M.S., University of Michigan","1978, Ph.D., University of Michigan"
"Radwa M. El Barouni","Arabic Studies","Visiting Lecturer in Arabic Studies","1999, B.A., Alexandria University","2001, M.A., Alexandria University","2016, M.A., University of Texas, Austin"
"Brahim El Guabli","Arabic Studies","Assistant Professor of Arabic Studies","2005, B.A., Bordeaux III University","2016, Ph.D., Princeton University"
"Susan L. Engel","Psychology","Senior Lecturer in Psychology, The Class of 1959 Director of Program in Teaching","1980, B.A., Sarah Lawrence College","1985, Ph.D., City University of New York"
"Laura D. Ephraim","Political Science","Associate Professor of Political Science","2000, B.A., Pomona College","2010, Ph.D., Northwestern University"
"Amal Eqeiq","Arabic Studies","Assistant Professor of Comparative Literature","1997, B.A., Hebrew University","2004, M.A., Tel Aviv University","2006, M.A., University of Oregon","2013, Ph.D., University of Washington"
"Pete Farwell","Athletics","Assistant Professor of Physical Education, Head Cross Country Coach, and Assistant Coach Men's and Women's Track","1973, B.A., Williams College","1990, M.A., Central Michigan University"
"Steven Fein","Psychology","Professor of Psychology","1986, A.B., Princeton University","1991, Ph.D., University of Michigan"
"Ezra D. Feldman","English","Visiting Assistant Professor of English","2002, A.B., Harvard University","2008, M.F.A., Cornell University","2017, Ph.D., Cornell University"
"Molly Q Feldman","Computer Science","Visiting Assistant Professor of Computer Science","2015, B.A., Swarthmore College","2018, M.S., Cornell University","2020, Ph.D., Cornell University"
"Ronald L. Feldman","Music","Artist in Residence in Orchestral and Instrumental Activities/Lecturer in Music, Director of the Berkshire Symphony","1971, B.M., Boston University School for the Arts"
"Jessica M. Fisher","English","Associate Professor of English","1998, B.A., Swarthmore College","2003, M.A., University of California, Berkeley","2009, Ph.D., University of California, Berkeley"
"Stephen Fix","English","Robert G Scott '68 Professor of English","1974, B.A., Boston College","1977, M.A., Cornell University","1980, Ph.D., Cornell University"
"Kevin Flaherty","Astronomy","Lecturer in Astronomy and Observatory Supervisor","2005, B.S., University of Rochester","2011, Ph.D., University of Arizona"
"Antonia E. Foias","Anthropology and Sociology","Professor of Anthropology","1987, B.A., Harvard University","1996, Ph.D., Vanderbilt University"
"VaNatta S. Ford","Africana Studies","Assistant Professor of Africana Studies","2000, B.S., Illinois State University","2005, M.Div., Howard University","2011, Ph.D., Howard University"
"Caroline O. Fowler","Graduate Program in the History of Art","Lecturer in the Graduate Program in Art History","2012, Ph.D., Princeton University"
"Soledad Fox","Romance Languages","V-Nee Yeh '81 Professor of Spanish and Comparative Literature","1990, B.A., Sarah Lawrence College","1997, M.A., City University of New York","2001, Ph.D., City University of New York"
"Jennifer L. French","Romance Languages","Professor of Spanish","1995, B.A., College of William and Mary","1997, M.A., Rutgers University","2001, Ph.D., Rutgers University"
"Stephen N. Freund","Computer Science","Chair & John B. McCoy and John T. McCoy Professor of Computer Science","1995, B.S., Stanford University","1998, M.S., Stanford University","2000, Ph.D., Stanford University"
"Alexandra Garbarini","History","Professor of History","1994, B.A., Williams College","1997, M.A., University of California, Los Angeles","2003, Ph.D., University of California, Los Angeles"
"Thomas A. Garrity","Mathematics and Statistics","Webster Atwell Class of 1921 Professor of Mathematics","1981, B.A., University of Texas","1981, B.S., University of Texas","1986, Ph.D., Brown University"
"Amy Gehring","Chemistry","Professor of Chemistry, Chair of Biochemistry Program","1994, B.A., Williams College","1998, Ph.D., Harvard University"
"William M. Gentry","Economics","Professor of Economics","1986, B.S., Massachusetts Institute of Technology","1991, M.A., Princeton University","1991, Ph.D., Princeton University"
"Steven B. Gerrard","Philosophy","Professor of Philosophy","1978, B.A., Amherst College","1982, M.A., University of Chicago","1987, Ph.D., University of Chicago"
"Matthew Gibson","Economics","Assistant Professor of Economics","2005, A.B., Harvard University","2015, Ph.D., University of California, San Diego"
"Lisa A. Gilbert","Geosciences","Professor of Geosciences and Marine Sciences at Williams-Mystic","1997, A.B., Dartmouth College","1999, M.S., University of Washington","2004, Ph.D., University of Washington"
"Meghan K. Gillis","Athletics","Assistant Professor of Physical Education and Head Coach of Women's Ice Hockey","2007, B.A., Bowdoin College","2009, M.S., University of Massachusetts, Amherst"
"Allison L. Gill","Biology","Assistant Professor of Biology","2011, B.A., Mount Holyoke College","2017, Ph.D., Boston University"
"Graham K. Giovanetti","Physics","Assistant Professor of Physics","2006, B.S., College of William and Mary","2015, Ph.D., University of North Carolina, Chapel Hill"
"Michael A. Glier","Art","Alexander Falck Class of 1899 Professor of Art","1976, B.A., Williams College","1977, M.A., Hunter College City University of New York"
"Susan Godlonton","Economics","Associate Professor of Economics","2003, B.A., University of Cape Town","2003, B.A., Stellenbosch University","2007, M.A., University of Cape Town","2013, Ph.D., University of Michigan"
"Eva G. Goedhart","Mathematics and Statistics","Visiting Assistant Professor of Mathematics","2003, B.S., James Madison University","2005, M.A., Wake Forest University","2015, Ph.D., Bryn Mawr College"
"Christopher Goh","Chemistry","Professor of Chemistry, Faculty Fellow of the Davis Center and the Office of Institutional Diversity, Equity and Inclusion","1989, B.S., University of Durham","1996, Ph.D., Harvard University"
"Sarah L. Goh","Chemistry","Chair and Professor of Chemistry","1996, B.S., University of Michigan","1998, M.S., University of Massachusetts, Amherst","2004, Ph.D., University of California, Berkeley"
"Leo Goldmakher","Mathematics and Statistics","Associate Professor of Mathematics","2004, B.A., Princeton University","2009, Ph.D., University of Michigan"
"Matthew A. Gold","Music","Artist in Residence in Percussion and Contemporary Music Performance","1994, B.M., Northwestern University","2016, M.M., Shepherd School of Music, Rice University"
"Ed Gollin","Music","Chair and Professor of Music","1992, B.S., Massachusetts Institute of Technology","1995, M.A., Queens College, CUNY","2000, Ph.D., Harvard University"
"Manuel Gonzales","English","Visiting Assistant Professor of English","1996, B.A., University of Texas, Austin","2003, M.F.A., Columbia University"
"Marc Gotlieb","Graduate Program in the History of Art","Halvorsen Director of the Graduate Program in Art History","1980, B.A., University of Toronto","1984, M.A., Johns Hopkins University","1990, Ph.D., Johns Hopkins University"
"David Gurcay-Morris","Theatre","Associate Professor of Theatre","1996, B.A., Williams College","2001, M.F.A., University of Washington"
"Daniel R. Greenberg","Athletics","Assistant Professor of Physical Education and Head Coach of Men's Tennis","2013, M.Ed., Massachusetts College of Liberal Arts"
"Kai M. Green","Women's, Gender, and Sexuality Studies","Assistant Professor of Women's, Gender, and Sexuality Studies","2007, B.A., Williams College","2011, M.A., University of Southern California","2014, Ph.D., University of Southern California"
"Kerry-Ann Green","Chemistry","Assistant Professor of Chemistry","2006, B.Sc., The University of the West Indies, Mona","2013, D.Phil, The University of the West Indies, Mona"
"Kelsey Gura","Athletics","Assistant Professor of Physical Education and Head Alpine Ski Coach","2010, B.A., Williams College"
"Kim Gutschow","Religion","Lecturer in Religion and Anthropology/Sociology","1988, B.A., Harvard University","1995, M.A., Harvard University","1998, Ph.D., Harvard University"
"Catherine Robinson Hall","Williams-Mystic Program","Associate Professor at Williams-Mystic","1985, B.A., University of Rhode Island","1989, J.D., Vermont Law School"
"Amie A. Hane","Psychology","Professor of Psychology, Chair of Public Health","1996, B.A., University of Maryland","1999, M.A., University of Maryland","2002, Ph.D., University of Maryland"
"Nicole T. Harrington","Psychology","Visiting Assistant Professor of Psychology","1987, B.A., Boston College","1995, Ph.D., University of Vermont"
"Pamela E. Harris","Mathematics and Statistics","Associate Professor of Mathematics","2005, B.S., Marquette University","2008, M.S., University of Wisconsin, Milwaukee","2012, Ph.D., University of Wisconsin, Milwaukee"
"Katie M. Hart","Chemistry","Assistant Professor of Chemistry","2004, B.S., Haverford College","2013, Ph.D., University of California, Berkeley"
"Laurie Heatherington","Psychology","Edward Dorr Griffin Professor of Psychology","1976, B.A., Miami University","1981, Ph.D., University of Connecticut"
"Guy M. Hedreen","Art","Amos Lawrence Professor of Art","1981, B.A., Pomona College","1983, M.A., Bryn Mawr College","1988, Ph.D., Bryn Mawr College"
"Kris Herman","Athletics","Assistant Professor of Physical Education, Head Softball Coach","1986, B.A., Tufts University","1989, M.A., Tufts University"
"Man He","Chinese","Assistant Professor of Chinese","2000, B.A., Renmin University","2004, M.A., Seton Hall University","2009, M.A., Ohio State University","2015, Ph.D., Ohio State University"
"Bethany Hicok","English","Lecturer in English","1980, B.A., Russell Sage College","1990, M.A.T., University of Rochester","1992, M.A., University of Rochester","1996, Ph.D., University of Rochester"
"Jacqueline Hidalgo","Latina/o Studies Program","Associate Dean for Institutional Diversity, Equity and Inclusion, Professor of Latina/o Studies and Religion","2000, B.A., Columbia University","2003, M.A., Union Theological Seminary","2010, Ph.D., Claremont Graduate University"
"Josh D. Hillman","Athletics","Lecturer in Physical Education and Head Men's Golf Coach","2000, B.A., University of Rhode Island"
"Alan Hirsch","Humanities","Lecturer in Humanities, Chair of Justice and Law Studies","1981, B.A., Amherst College","1985, J.D., Yale University"
"Marjorie W. Hirsch","Music","Professor of Music","1982, B.A., Yale University","1985, M.Phil., Yale University","1989, Ph.D., Yale University"
"Nate D. Hoey","Athletics","Assistant Professor of Physical Education, Head Women's Track & Field Coach","2000, B.S., Slippery Rock College"
"Cynthia K. Holland","Biology","Assistant Professor of Biology","2018, Ph.D., Washington University"
"Amy S. Holzapfel","Theatre","Professor of Theatre","1996, B.A., Brown University","2001, M.F.A., Yale School of Drama","2006, D.F.A., Yale School of Drama"
"Kiaran Honderich","Women's, Gender, and Sexuality Studies","Lecturer in Women's, Gender, and Sexuality Studies","1983, B.A., Oxford University","1984, M.A., Columbia University","1991, Ph.D., University of Massachusetts, Amherst"
"Scott D. Honecker","Athletics","Assistant Professor of Physical Education and Head Coach of Wrestling","2010, B.S., East Carolina University"
"Catherine N. Howe","Art","Lecturer in Art","1997, B.A., Barnard College","2005, M.A., University of California, Santa Barbara","2012, Ph.D., University of California, Santa Barbara"
"Nicolas C. Howe","Environmental Studies","Director of CES and the Environmental Studies Program, Associate Professor of Environmental Studies and Faculty Affiliate in Anthropology and Sociology","1998, B.A., Columbia University","2003, M.A., University of California, Los Angeles","2009, Ph.D., University of California, Los Angeles"
"Iris Howley","Computer Science","Assistant Professor of Computer Science","2008, B.S., Drexel University","2012, Ph.D., Carnegie Mellon University"
"Vivian L. Huang","Women's, Gender, and Sexuality Studies","Assistant Professor of Women's, Gender, and Sexuality Studies","2008, B.A., University of California, Berkeley","2008, B.A., University of California, Berkeley","2009, M.A., New York University","2016, Ph.D., New York University"
"Jeffrey I. Israel","Religion","Associate Professor of Religion","1999, B.A., Oberlin College","2001, M.A., University of Chicago","2011, Ph.D., University of Chicago"
"Olesya Ivantsova","Graduate Program in the History of Art","Visiting Lecturer in the Graduate Program in Art History","2002, Ph.D., Ulyanovsk State University"
"Galen E Jackson","Political Science","Assistant Professor of Political Science","2009, B.A., Williams College","2010, M.A., University of Chicago","2016, Ph.D., University of California, Los Angeles"
"Sarah A. Jacobson","Economics","Associate Professor of Economics","1998, B.S., Harvey Mudd College","2005, M.A., Georgia State University","2010, Ph.D., Georgia State University"
"Pamela Jakiela","Economics","Associate Professor of Economics","1999, B.A., University of Michigan","2000, M.Sc., London School of Economics","2008, Ph.D., University of California, Berkeley"
"Joy A. James","Humanities","Ebenezer Fitch Professor of Humanities","1980, B.A., St. Mary's University, San Antonio","1982, M.A., Fordham University","1987, Ph.D., Fordham University"
"Bill K. Jannen","Computer Science","Assistant Professor of Computer Science","2009, B.A., Williams College","2017, Ph.D., Stony Brook University"
"Anne Jaskot","Astronomy","Assistant Professor of Astronomy and Associate of the Hopkins Observatory","2008, B.A., Williams College","2014, Ph.D., University of Michigan"
"Katharine E. Jensen","Physics","Assistant Professor of Physics","2004, A.B., Princeton University","2013, Ph.D., Harvard University"
"Cathy M. Johnson","Political Science","James Phinney Baxter III Professor of Political Science","1979, B.A., Dartmouth College","1986, Ph.D., University of Michigan"
"Stewart D. Johnson","Mathematics and Statistics","Professor of Mathematics","1979, B.A., Fort Lewis College","1985, Ph.D., Stanford University"
"Kelsey Jones","Africana Studies","Distinguished Visiting Professor of Education","2008, B.A., Williams College","2010, M.Ed., Long Island University","2015, Ph.D., University of Pennsylvania"
"Kevin M. Jones","Physics","William Edward McElfresh Professor of Physics","1977, B.A., Williams College","1983, Ph.D., Stanford University"
"Peter Just","Anthropology and Sociology","Professor of Anthropology","1972, B.A., University of Chicago","1979, M.A., University of Pennsylvania","1986, Ph.D., University of Pennsylvania"
"Shinko Kagaya","Asian Studies","Professor of Japanese","1989, B.A., Aoyama Gakuin University","1991, M.A., Ohio State University","1999, Ph.D., Ohio State University"
"William Kangas","Athletics","Assistant Professor of Physical Education and Head Men's Ice Hockey Coach","1982, B.A., University of Vermont","1994, M.Ed., Massachusetts College of Liberal Arts"
"Aparna Kapadia","History","Associate Professor of History","1998, B.A., St. Xavier's College, Mumbai University","2001, M.A., Jawaharlal Nehru University","2005, M.Phil., Jawaharlal Nehru University","2010, Ph.D., University of London"
"Paul M. Karabinos","Geosciences","Charles L. MacMillan Professor in Natural Sciences, Chair of Advisory Committee on Shareholder Responsibility","1975, B.S., University of Connecticut","1981, Ph.D., Johns Hopkins University"
"Catherine Kealhofer","Physics","Assistant Professor of Physics","2003, A.B., Princeton University","2013, Ph.D., Stanford University"
"Christi L. Kelsey","Athletics","Assistant Professor of Physical Education and Head Women's Volleyball Coach","2000, B.S., Purdue University","2012, M.S., Northeastern University"
"Kathryn R. Kent","English","Professor of English","1988, B.A., Williams College","1993, M.A., Duke University","1996, Ph.D., Duke University"
"Susanne Ryuyin Kerekes","Religion","Visiting Assistant Professor of Religion","2007, B.A., DePauw University","2012, M.A., Mahidol University","2018, Ph.D., University of Pennsylvania"
"Sohaib I. Khan","Religion","Mellon Postdoctoral Fellow in Religion","2019, Ph.D., Columbia University"
"Anthony Y. Kim","American Studies","Visiting Assistant Professor of American Studies","2006, B.A., University of California, San Diego","2013, M.A., University of California, San Diego","2016, Ph.D., University of California, San Diego"
"Olia Kim","German and Russian","Assistant Professor of Russian","2006, B.A., Seoul National University","2013, M.A., University of Pittsburgh","2019, Ph.D., University of Pittsburgh"
"Morgan V. King","Classics","Visiting Assistant Professor of Classics","2011, B.A., Carleton College","2013, M.A., University of California, Berkeley","2019, Ph.D., University of California, Berkeley"
"Kris N. Kirby","Psychology","Professor of Psychology","1985, B.A., Marshall University","1991, Ph.D., Harvard University"
"Roger A. Kittleson","History","Professor of History","1985, B.A., Northwestern University","1989, M.A., Stanford University","1990, M.A., University of Wisconsin, Madison","1997, Ph.D., University of Wisconsin, Madison"
"John E. Kleiner","English","Professor of English","1983, B.A., Amherst College","1985, M.S., Cornell University","1988, M.A., Stanford University","1991, Ph.D., Stanford University"
"Bernhard Klingenberg","Mathematics and Statistics","Professor of Statistics","1996, B.A., Technical University, Graz, Austria","1998, M.S., Technical University, Graz, Austria","2004, Ph.D., University of Florida"
"Thomas A. Kohut","History","Sue and Edgar Wachenheim III Professor of History","1972, B.A., Oberlin College","1975, M.A., University of Minnesota","1983, Ph.D., University of Minnesota"
"Pramila Kolekar","Graduate Program in the History of Art","Visiting Lecturer in the Graduate Program in Art History","2018, Ph.D., Boston College"
"Christophe A. Kone","German and Russian","Assistant Professor of German","2006, M.A., Universite Lumiere Lyon 2","2013, Ph.D., Rutgers University"
"Nate Kornell","Psychology","Associate Professor of Psychology","1996, B.A., Reed College","2001, M.A., Columbia University","2005, Ph.D., Columbia University"
"Margaux L Kristjansson","American Studies","Mellon Postdoctoral Fellow in Native American and Indigenous Studies in the American Studies Program","2010, B.A., Carleton University","2015, M.A., Columbia University","2017, M.Phil., Columbia University","2020, Ph.D., Columbia University"
"Cornelius C. Kubler","Asian Studies","Stanfield Professor of Asian Studies","1972, B.A., Cornell University","1975, M.A., Cornell University","1978, M.A., National Taiwan University","1981, Ph.D., Cornell University"
"Joanna Kurkowicz","Music","Lyell B. Clay Artist in Residence, Violin and Concertmaster, Berkshire Symphony","1992, M.M., J. Paderewski Conservatory of Music","1994, M.M., University of Massachusetts, Amherst","1998, A.D., New England Conservatory, Boston"
"Steven Kuster","Athletics","Assistant Professor of Physical Education and Head Swim Coach","1993, B.A., University of Pennsylvania","1999, M.Ed., Harvard University"
"Kenneth N. Kuttner","Economics","Robert F. White Class of 1952 Professor of Economics","1982, B.A., University of California, Berkeley","1989, Ph.D., Harvard University"
"Sara LaLumia","Economics","Professor of Economics, Chair of Political Economy Program","2000, B.A., Youngstown State University","2006, Ph.D., University of Michigan"
"Edwin Lawrence","Music","Artist Associate in Harpsichord, Piano and Organ and Lecturer in Music","1969, B.M., State University of New York, Fredonia"
"Tim J. Lebestky","Biology","Associate Professor of Biology, Chair of Neuroscience Program","1995, B.S., University of Kansas","2002, Ph.D., University of California, Los Angeles"
"Alice Lee","Athletics","Assistant Professor of Physical Education and Head Women's Lacrosse Coach","2009, B.S., Central Connecticut State University","2015, M.S., University of Massachusetts, Amherst"
"Joel Lee","Anthropology and Sociology","Assistant Professor of Anthropology","1998, B.A., Kenyon College","2008, M.A., Columbia University","2015, Ph.D., Columbia University"
"Jason Lemieux","Athletics","Assistant Professor of Physical Education and Head Nordic Ski Coach","2001, B.A., Williams College"
"William J. Lenhart","Computer Science","A. Barton Hepburn Professor of Computer Science","1977, B.S., Saint Josephs College","1979, M.A., Dartmouth College","1983, Ph.D., Dartmouth College"
"Zafi Levy","Athletics","Assistant Professor of Physical Education and Head Squash Coach","2001, B.A., Williams College"
"Michael J. Lewis","Art","Faison-Pierson-Stoddard Professor of Art History","1980, B.A., Haverford College","1989, Ph.D., University of Pennsylvania"
"Scott Lewis","Athletics","Assistant Professor of Physical Education and Director of Outing Club","1980, B.S., Springfield College","1985, M.Ed., Springfield College"
"John K. Limon","English","John Hawley Roberts Professor of English","1974, B.A., Harvard University","1981, Ph.D., University of California, Berkeley"
"Haydee M. A. Lindo","Mathematics and Statistics","Assistant Professor of Mathematics","2008, B.A., Williams College","2012, M.S., University of Nebraska","2016, Ph.D., University of Utah"
"Rob Livingstone","Athletics","Lecturer in Physical Education, Head Strength and Conditioning Coach","2000, B.S., Jacksonville State University"
"David W. Loehlin","Biology","Assistant Professor of Biology","2003, A.B., University of Chicago","2011, Ph.D., University of Rochester"
"Susan R. Loepp","Mathematics and Statistics","William R. Kenan, Jr. Professor of Mathematics","1989, B.S., Bethel College","1989, B.A., Bethel College","1994, Ph.D., University of Texas"
"Gretchen Long","History","Professor of History","1989, B.A., Wesleyan University","1994, M.A., University of Chicago","2003, Ph.D., University of Chicago"
"David A. Love","Economics","Provost, Class of 1969 Professor of Economics","1996, B.A., University of Michigan","1998, M.A., Yale University","2003, Ph.D., Yale University"
"Peter D. Low","Art","Professor of Art","1994, B.A., University of Toronto","1995, M.A., Johns Hopkins University","2001, Ph.D., Johns Hopkins University"
"Daniel V. Lynch","Biology","Philip and Dorothy Schein Professor of Biology","1979, B.S., University of Massachusetts, Lowell","1983, Ph.D., University of Texas, Austin"
"Michael D. MacDonald","Political Science","Frederick L. Schuman Professor of International Relations","1972, B.A., University of California, Berkeley","1974, M.A., University of California, Berkeley","1983, Ph.D., University of California, Berkeley"
"Scott C. MacDonald","Philosophy","Croghan Bicentennial Professor in Biblical and Early Christian Studies","1978, B.A., Cornell University","1981, B.D., University of St Andrews","1986, Ph.D., Cornell University"
"Carlos Macias Prieto","Romance Languages","Assistant Professor of Spanish","2007, B.A., University of California, Berkeley","2011, M.A., Purdue University","2020, Ph.D., University of California, Berkeley"
"Jenna MacIntire","Chemistry","Lecturer in Chemistry","1992, B.A., University of Vermont"
"James E. Mahon","Political Science","Woodrow Wilson Professor of Political Science","1977, B.A., Dartmouth College","1983, M.A., University of California, Berkeley","1989, Ph.D., University of California, Berkeley"
"Protik K. Majumder","Physics","Barclay Jermain Professor of Natural Philosophy","1982, B.S., Yale University","1989, Ph.D., Harvard University"
"Marc Mandel","Athletics","Assistant Professor of Physical Education and Head Men's Crew Coach","1998, B.A., Northwestern University","2012, M.B.A., Georgetown University"
"Maud Mandel","History","President, Professor of History","1989, B.A., Oberlin College","1993, A.M., University of Michigan","1998, Ph.D., University of Michigan"
"James A. Manigault-Bryant","Africana Studies","Professor of Africana Studies and Faculty Affiliate in Anthropology and Sociology and Religion","1995, B.A., Tulane University","2002, Ph.D., Brown University"
"Rhon S. Manigault-Bryant","Africana Studies","Professor of Africana Studies and Faculty Affiliate in Religion","1999, A.B., Duke University","2002, M.Div., Emory University","2007, Ph.D., Emory University"
"Patricia Manning","Athletics","Assistant Professor of Physical Education and Head Women's Basketball Coach","1977, B.S., State University of New York, Cortland","1981, M.S., State University of New York, Cortland","1988, M.S., Smith College"
"Luana S. Maroja","Biology","Associate Professor of Biology","1999, B.S., Universidade Federal do Rio de Janeiro","2001, M.S., Universidade Federal do Rio de Janeiro","2008, Ph.D., Cornell University"
"Brian Martin","Romance Languages","Chair of Romance Languages and Professor of French and Comparative Literature","1993, A.B., Harvard University","1996, M.A., University of California, Los Angeles","1999, A.M., Harvard University","2003, Ph.D., Harvard University"
"Laura J. Martin","Environmental Studies","Assistant Professor of Environmental Studies and Faculty Affiliate in History","2006, S.B., Brown University","2010, M.S., Cornell University","2015, Ph.D., Cornell University"
"Martha Marvin","Neuroscience Program","Lecturer in Neuroscience","1984, B.A., University of California, Berkeley","1995, Ph.D., Massachusetts Institute of Technology"
"James McAllister","Political Science","Fred Greene Third Century Professor of Political Science","1986, B.A., State University of New York, Buffalo","1989, M.A., Columbia University","1999, Ph.D., Columbia University"
"Samuel McCauley","Computer Science","Assistant Professor of Computer Science","2010, B.S., Tufts University","2016, Ph.D., Stony Brook University"
"George McCormack","Athletics","Assistant Professor of Physical Education, Head Men's Lacrosse Coach","1987, B.S., Ithaca College","2007, M.Ed., Boston University"
"Mark T. McDonough","Athletics","Lecturer in Physical Education, Assistant Football Coach","2002, B.S., Ithaca College"
"Elizabeth P. McGowan","Art","Art Dept Co-Chair & Chair of Art History, Robert Sterling Clark Professor of Art","1979, B.A., Princeton University","1981, M.A., New York University Institute of Fine Arts","1983, Ph.D., New York University Institute of Fine Arts"
"Keith E. McPartland","Philosophy","Associate Professor of Philosophy","1994, B.A., Rutgers University","1998, M.A., Cornell University","2007, Ph.D., Cornell University"
"Gage C. McWeeny","English","Professor of English, Chair of Oakley Center for the Humanities and Social Sciences","1993, B.A., Columbia University","1998, M.A., Princeton University","2003, Ph.D., Princeton University"
"Brittany Meche","Environmental Studies","Gaius Charles Bolin Fellow in the Environmental Studies Program","2010, B.A., New York University","2014, M.A., The New School"
"Lisa Melendy","Athletics","Chair, Director of Athletics and Assistant Professor in Physical Education","1982, A.B., Smith College","1985, M.S., University of Massachusetts, Amherst"
"Carolina Melgarejo-Torres","Romance Languages","Visiting Assistant Professor of Spanish","2008, B.A., Universidad Nacional Autónoma de México","2012, M.A., El Colegio de México"
"Nicole E. Mellow","Political Science","Professor of Political Science","1992, B.A., Vassar College","2003, Ph.D., University of Texas, Austin"
"April Merleaux","Environmental Studies","Visiting Assistant Professor of Environmental Studies","1995, B.A., Reed College","2002, M.S., Tufts University","2007, M.Phil., Yale University","2010, Ph.D., Yale University"
"Karen R. Merrill","History","Frederick Rudolph '42 - Class of 1965 Professor of American Culture","1986, B.A., Oberlin College","1988, M.A., University of Denver","1994, Ph.D., University of Michigan"
"Carolyn D. Miles","Athletics","Assistant Professor of Physical Education and Associate Director/Student Athlete Services","1998, B.S., University of New Hampshire","2008, M.S., Columbia University"
"Steven J. Miller","Mathematics and Statistics","Professor of Mathematics","1996, B.S., Yale University","1998, M.A., Princeton University","2002, Ph.D., Princeton University"
"Kaoruko Minamoto","Asian Studies","Visiting Lecturer of Japanese","2013, B.A., Ritsumeikan University","2020, M.A., University of Wisconsin, Madison"
"Marion Min-Barron","Public Health Program","Visiting Assistant Professor","2002, B.A., Middlebury College","2010, M.S., Tufts Friedman School of Nutrition Science & Policy","2010, M.P.H., Tufts School of Medicine","2016, Ph.D., Tufts Friedman School of Nutrition Science & Policy"
"Emily R Mitchell-Eaton","Women's, Gender, and Sexuality Studies","Visiting Assistant Professor of Women's, Gender, and Sexuality Studies","2006, B.A., Smith College","2011, M.P.A., Syracuse University","2016, Ph.D., Syracuse University"
"Gregory C. Mitchell","Women's, Gender, and Sexuality Studies","Chair and Associate Professor of Women's, Gender, and Sexuality Studies and Faculty Affiliate in Anthropology/Sociology, Chair of Women's, Gender, and Sexuality Studies","2000, B.S., Illinois State University","2001, M.S., Illinois State University","2007, M.A., University of Chicago","2012, Ph.D., Northwestern University"
"Bojana Mladenovic","Philosophy","Professor of Philosophy","1984, B.A., University of Belgrade","1987, M.A., McGill University","1996, Ph.D., University of California, Berkeley"
"Michele Monserrati","Romance Languages","Visiting Assistant Professor of Romance Languages and Comparative Literature","2009, M.A., Rutgers University","2012, Ph.D., Rutgers University"
"Peter J. Montiel","Economics","Fairleigh S. Dickinson, Jr. '41 Professor of Economics","1973, Ph.D., Massachusetts Institute of Technology","1973, B.A., Yale University"
"Manuel A. Morales","Biology","Professor of Biology","1994, A.B., Kenyon College","1999, Ph.D., University of Connecticut"
"Ralph E. Morrison","Mathematics and Statistics","Assistant Professor of Mathematics","2010, B.A., Williams College","2015, Ph.D., University of California, Berkeley"
"Carolyn Mraz","Theatre","Visiting Lecturer in Theatre","2005, B.A., Oberlin College","2011, M.F.A., New York University"
"Murad K. Mumtaz","Art","Assistant Professor of Art","2004, B.F.A., National College of Arts","2010, M.F.A., Columbia University","2018, Ph.D., University of Virginia"
"Ngonidzashe Munemo","Political Science","Professor of Political Science, Chair of Global Studies","2000, B.A., Bard College","2001, M.A., Columbia University","2008, Ph.D., Columbia University"
"Tendai Muparutsa","Music","Artist in Residence in African Music Performance, Lecturer in Music, Director of Zambezi, Co-Director of Kusika","2004, B.A., University of Zimbabwe","2008, M.M., University of Idaho","2012, Ph.D., University of Alberta"
"Steven E. Nafziger","Economics","Professor of Economics","2000, B.A., Northwestern University","2002, M.A., Yale University","2003, M.Phil., Yale University","2006, Ph.D., Yale University"
"Lama Nassif","Arabic Studies","Assistant Professor of Comparative Literature","1994, B.A., Damascus University","2007, M.A., Middlebury Institute of International Studies at Monterey","2014, Ph.D., University of Texas, Austin"
"Eli Nelson","American Studies","Assistant Professor of American Studies","2012, B.A., Shimer College","2013, M.A., Harvard University","2018, Ph.D., Harvard University"
"Gail M. Newman","German and Russian","Chair of Center for Foreign Languages, Literatures & Cultures and Harold J. Henry Professor of German","1976, B.A., Northwestern University","1981, M.A., University of Minnesota","1984, Ph.D., University of Minnesota"
"Shaoyang Ning","Mathematics and Statistics","Assistant Professor of Statistics","2013, B.S., Peking University","2018, Ph.D., Harvard University"
"Nimu Njoya","Political Science","Lecturer in Political Science","2002, B.A., Macalester College","2004, M.A., University of Amsterdam","2010, Ph.D., Rutgers University"
"James L. Nolan","Anthropology and Sociology","Chair and Washington Gladden 1859 Professor of Sociology","1984, B.A., University of California, Davis","1992, M.A., University of Virginia","1995, Ph.D., University of Virginia"
"Christopher M. B. Nugent","Chinese","Professor of Chinese, Chair of Comparative Literature Program","1991, B.A., Brown University","2004, Ph.D., Harvard University"
"Will Olney","Economics","Associate Professor of Economics","2002, B.A., Wesleyan University","2010, Ph.D., University of Colorado"
"Sarah E. Olsen","Classics","Assistant Professor of Classics","2008, B.A., Wellesley College","2010, M.A., University of California, Berkeley","2016, Ph.D., University of California, Berkeley"
"Meg Onli","Economics","Visiting Lecturer in the Program of Graduate Art History","2008, B.F.A., School of the Art Institute of Chicago","2014, M.A., Courtauld Institute of Art"
"Amnon G Ortoll-Bloch","Chemistry","Postdoctoral Fellow in Chemistry","2014, B.S., National Autonomous University of Mexico","2020, Ph.D., Cornell University"
"Owen Ozier","Economics","Associate Professor of Economics","1999, S.B., Massachusetts Institute of Technology","1999, M.Eng., Massachusetts Institute of Technology","2010, Ph.D., University of California, Berkeley"
"Allison Pacelli","Mathematics and Statistics","Professor of Mathematics","1997, B.S., Union College","2003, Ph.D., Brown University"
"Jan Padios","American Studies","Associate Professor of American Studies","2001, B.A., Columbia University","2005, M.A., New York University","2012, Ph.D., New York University","2021, M.F.A., Randolph College"
"Lee Y. Park","Chemistry","William R. Kenan, Jr. Professor of Chemistry","1986, B.A., Wellesley College","1992, Ph.D., Massachusetts Institute of Technology"
"Paul C. Park","English","Senior Lecturer in English","1975, B.A., Hampshire College"
"Jay M. Pasachoff","Astronomy","Chair and Field Memorial Professor of Astronomy, Director of the Hopkins Observatory","1963, A.B., Harvard University","1965, A.M., Harvard University","1969, Ph.D., Harvard University"
"Darel E. Paul","Political Science","Professor of Political Science","1990, B.A., University of Minnesota","1994, M.A., George Washington University","2000, Ph.D., University of Minnesota"
"Enrique Peacock-Lopez","Chemistry","Halford R Clark Professor of Natural Sciences","1974, B.S., Universidad Nacional Autónoma de Mexico","1976, M.S., University of California, Riverside","1982, Ph.D., University of California, San Diego"
"Lori A. Pedersen","Mathematics and Statistics","Lecturer in Mathematics","1982, B.A., The College of Wooster","1985, M.A., Brown University"
"Julie Pedroni","Philosophy","Lecturer in Philosophy","1986, B.A., Wells College","1999, Ph.D., Georgetown University"
"Peter L. Pedroni","Economics","Professor of Economics","1986, B.A., Miami University","1993, Ph.D., Columbia University","1993, M.A., Columbia University"
"Ileana Perez Velazquez","Music","Professor of Music","1989, B.M., Higher Institute of Arts","1995, M.A., Dartmouth College","1999, D.M.A., Indiana University"
"James L. Pethica","English","Senior Lecturer in English and Theatre","1980, B.A., Oxford University","1987, Ph.D., Oxford University"
"Greg Phelan","Economics","Associate Professor of Economics","2007, B.A., Yale University","2010, M.A., Yale University","2012, M.Phil., Yale University","2014, Ph.D., Yale University"
"Rowan Ricardo Phillips","English","Margaret Bundy Scott Professor of English","1996, B.A., Swarthmore College","2003, Ph.D., Brown University"
"Katarzyna M. Pieprzak","Romance Languages","Professor of Francophone Literature, French Language, and Comparative Literature","1995, B.A., Rice University","1998, M.A., University of Michigan","2001, Ph.D., University of Michigan"
"Shanti Pillai","Theatre","Assistant Professor of Theatre","1989, B.A., Stanford University","1990, M.A., University of California, Berkeley","2005, Ph.D., New York University"
"Anna M. Plantinga","Mathematics and Statistics","Assistant Professor of Statistics","2013, B.S., Calvin College","2018, Ph.D., University of Washington"
"Amy D. Podmore","Art","Art Dept Co-Chair & Chair of Studio Art, J. Kirk T. Varnedoe 1967 Professor of Art","1982, B.S., State University of New York, Buffalo","1987, M.F.A., University of California, Davis"
"Kailani Polzak","Art","Assistant Professor of Art","2007, B.A., University of California, Santa Cruz","2017, Ph.D., University of California, Berkeley"
"Daniel E. Prindle","Music","Visiting Instructor in Music","2003, B.M., Berklee College of Music","2011, M.M., University of Massachusetts, Amherst"
"Tim J. Pusack","Williams-Mystic Program","Assistant Professor at Williams-Mystic","2005, B.A., Colgate University","2013, Ph.D., Oregon State University"
"Christopher L. Pye","English","Class of 1924 Professor of English","1975, B.A., Oberlin College","1977, M.A., University College","1984, Ph.D., Cornell University"
"Ahmed Ragab","Religion","Richmond Visiting Professor","2006, M.D., Qasr al-Aini School of Medicine, Cairo University","2010, Ph.D., École Pratique des Hautes Études"
"Ashok S. Rai","Economics","Professor of Economics","1992, B.A., Stanford University","1997, Ph.D., University of Chicago"
"Sarah Rara","Art","Assistant Professor of Art","2005, B.A., Brown University","2011, M.F.A., University of Southern California"
"Bob Rawle","Chemistry","Assistant Professor of Chemistry","2008, B.A., Pomona College","2014, Ph.D., Stanford University"
"Mark R. Raymond","Athletics","Assistant Professor of Physical Education and Head Coach of Football","1998, M.A., Syracuse University"
"Sarah E. Raymond","Athletics","Assistant Professor of Physical Education and Head Women's Soccer Coach","1991, B.A.S., Phillip Institute of Technology","2003, M.C.S., Long Island University"
"Anjuli F. Raza Kolb","English","Associate Professor of English","2003, B.A., Columbia College","2006, M.A., Columbia University","2008, M.Phil., Columbia University","2013, Ph.D., Columbia University"
"Anne Reinhardt","History","Chair and Professor of History","1990, B.A., Harvard University","1994, M.A., University of California, Berkeley","2002, Ph.D., Princeton University"
"Mark T. Reinhardt","Political Science","Chair and Class of 1956 Professor of American Civilization","1983, B.A., Wesleyan University","1991, Ph.D., University of California, Santa Cruz"
"Bernard J. Rhie","English","Chair and Associate Professor of English","1997, B.A., University of California, Berkeley","2001, M.A., University of Pennsylvania","2005, Ph.D., University of Pennsylvania"
"Kenny Rivero","Art","Visiting Assistant Professor of Art","2006, B.F.A., School of Visual Arts","2012, M.F.A., Yale University"
"Neil Roberts","Africana Studies","Chair and Professor of Africana Studies and Faculty Affiliate in Political Science and Religion","1998, B.A., Brown University","2003, M.A., University of Chicago","2007, Ph.D., University of Chicago"
"Shivon A. Robinson","Psychology","Assistant Professor of Psychology","2011, B.A., Williams College","2016, Ph.D., University of Pennsylvania"
"Henrik Ronellenfitsch","Physics","Assistant Professor of Physics","2010, B.Sc., ETH Zürich","2012, M.Sc., ETH Zürich","2016, Dr.rer.nat., Georg-August-Universität Göttingen"
"Nelly A. Rosario","Latina/o Studies Program","Associate Professor of Latina/o Studies","1994, S.B., Massachusetts Institute of Technology","1998, M.F.A., Columbia University"
"Shawn J. Rosenheim","English","Professor of English, Chair of Campus Environmental Committee","1985, B.A., Oberlin College","1988, M.A., Yale University","1993, Ph.D., Yale University"
"Jennifer K. Rosenthal","Chemistry","Instructor in Chemistry","1994, B.A., Bloomsburg University","1995, M.Ed., East Stroudsburg University","2011, Ph.D., State University of New York, Albany"
"Sidney A. Rothstein","Political Science","Assistant Professor of Political Science","2009, B.A., Reed College","2017, Ph.D., University of Pennsylvania"
"Leyla Rouhi","Romance Languages","Preston S. Parish '41 Third Century Professor of Romance Languages","1987, B.A., Oxford University","1988, M.A., Harvard University","1995, Ph.D., Harvard University"
"Marketa Rulikova","Anthropology and Sociology","Visiting Assistant Professor of Sociology","1996, B.A., University of Pardubice","1997, M.A., Central European University","2001, Ph.D., Polish Academy of Science"
"Sophie F. Saint-Just","Romance Languages","Assistant Professor of French and Francophone Studies","1991, B.A., La Sorbonne Nouvelle (Paris III)","1994, M.A., La Sorbonne Nouvelle (Paris III)","2004, M.Phil., City University of New York","2013, Ph.D., City University of New York"
"Michael Samson","Economics","Senior Lecturer in Economics","1983, B.A., Yale University","1994, Ph.D., Stanford University"
"Alberto Sandoval-Sanchez","Latina/o Studies Program","Bennett Boskey Visiting Professor","1983, Ph.D., University of Minnesota"
"Eddy Sandoval","Latina/o Studies Program","Gaius Charles Bolin Fellow in Latina/o Studies","2014, B.A., Dartmouth College","2017, M.A., University of Washington"
"Marlene J. Sandstrom","Psychology","Dean of the College, Hales Professor of Psychology","1991, B.A., Yale University","1993, M.A., Duke University","1996, Ph.D., Duke University"
"Noah J. Sandstrom","Psychology","Chair and Professor of Psychology","1994, B.A., Knox College","1997, M.A., Duke University","1999, Ph.D., Duke University"
"Omar A. Sangare","Theatre","Chairperson and Professor of Theatre","1993, M.F.A., The Theatre Academy","2006, Ph.D., The Theatre Academy"
"Robert M. Savage","Biology","Professor of Biology","1987, B.A., Bowdoin College","1993, Ph.D., Wesleyan University"
"Kenneth K. Savitsky","Psychology","Professor of Psychology","1993, B.A., Indiana University","1997, Ph.D., Cornell University"
"Jana Sawicki","Philosophy","Chair of Philosophy and Morris Professor of Rhetoric","1974, B.A., Sweet Briar College","1978, M.A., Columbia University","1983, Ph.D., Columbia University"
"Ned G. Schaumberg","Williams-Mystic Program","Assistant Professor at Williams-Mystic","2009, B.A., Whitman College","2012, M.A., University of Washington","2018, Ph.D., University of Washington"
"Lucie Schmidt","Economics","John J Gibson Professor of Economics","1993, A.B., Smith College","1997, M.A., University of Michigan","2003, Ph.D., University of Michigan"
"Pallavi Sen","Art","Assistant Professor of Art","2016, M.F.A., Virginia Commonwealth University"
"Eun Young Seong","Asian Studies","Visiting Assistant Professor of Japanese","2008, B.A., Korea University","2012, M.A., The University of Tokyo","2019, Ph.D., University of California, Irvine"
"Justin B. Shaddock","Philosophy","Assistant Professor of Philosophy","2004, B.A., University of Notre Dame","2011, Ph.D., University of Chicago"
"Cheryl Shanks","Political Science","Professor of Political Science","1983, B.A., University of California, Santa Cruz","1988, M.A., University of Michigan","1994, Ph.D., University of Michigan"
"Kelly A. Shaw","Computer Science","Associate Professor of Computer Science","1997, B.S., Duke University","2005, Ph.D., Stanford University"
"James R. Shepard","English","J. Leland Miller Professor of American History, Literature, and Eloquence","1978, B.A., Trinity College","1980, M.F.A., Brown University"
"Karen L. Shepard","English","Senior Lecturer in English","1987, B.A., Williams College","1992, M.F.A., University of Houston"
"Stephen C. Sheppard","Economics","Class of 2012 Professor of Economics","1977, B.S., University of Utah","1979, M.A., Washington University","1984, Ph.D., Washington University"
"W. Anthony Sheppard","Music","Marylin & Arthur Levitt Professor of Music","1991, B.A., Amherst College","1993, M.F.A., Princeton University","1996, Ph.D., Princeton University"
"Olga Shevchenko","Anthropology and Sociology","Professor of Sociology","1996, B.A., Moscow State University","1997, M.A., Central European University","2002, Ph.D., University of Pennsylvania"
"Grant Shoffstall","Anthropology and Sociology","Visiting Lecturer in Anthropology & Sociology","2002, B.A., Illinois State University","2006, M.A., Illinois State University","2014, Ph.D., University of Illinois"
"Lara D. Shore-Sheppard","Economics","Chair and Kimberly A. '96 and Robert R. '62 Henry Professor of Economics","1991, B.A., Amherst College","1993, M.A., Princeton University","1996, Ph.D., Princeton University"
"Cesar E. Silva","Mathematics and Statistics","Hagey Family Professor of Mathematics","1977, B.S., Catholic University of Peru","1979, M.A., University of Rochester","1984, Ph.D., University of Rochester"
"Christina E. Simko","Anthropology and Sociology","Assistant Professor of Sociology","2005, B.A., Bridgewater College","2007, M.A., University of Virginia","2013, Ph.D., University of Virginia"
"Jeremy C Simon","Psychology","Visiting Assistant Professor of Psychology","2013, B.A., Amherst College","2017, M.A., Brandeis University","2020, Ph.D., Brandeis University"
"Shikha Singh","Computer Science","Assistant Professor of Computer Science","2013, M.S., Indian Institute of Technology","2018, Ph.D., Stony Brook University"
"Eiko Maruko Siniawer","History","Class of 1955 Memorial Professor of History","1997, B.A., Williams College","1999, M.A., Harvard University","2003, Ph.D., Harvard University"
"Yana Skorobogatov","History","Assistant Professor of History","2009, B.A., University of California, Berkeley","2012, M.A., University of Texas, Austin","2018, Ph.D., University of California, Berkeley"
"David L. Smith","English","John W Chandler Professor of English","1974, B.A., New College","1975, M.A., University of Chicago","1980, Ph.D., University of Chicago"
"Matthew J. Smith","Africana Studies","Sterling Brown '22 Visiting Professor of Africana Studies","2002, Ph.D., University of Florida"
"Thomas E. Smith","Chemistry","Professor of Chemistry","1988, B.A., Williams College","1996, Ph.D., Stanford University"
"Ben Snyder","Anthropology and Sociology","Assistant Professor of Sociology","2003, B.A., Haverford College","2007, M.A., University of Virginia","2013, Ph.D., University of Virginia"
"Greta F. Snyder","Women's, Gender, and Sexuality Studies","Visiting Assistant Professor of Women's, Gender, and Sexuality Studies","2003, B.A., Haverford College","2007, M.A., University of Virginia","2011, Ph.D., University of Virginia"
"Anita R. Sokolsky","English","Professor of English","1974, B.A., Oberlin College","1979, M.A., Cornell University","1983, Ph.D., Cornell University"
"Stefanie Solum","Art","Professor of Art","1991, B.A., University of Wisconsin, Madison","1995, M.A., University of California, Berkeley","2001, Ph.D., University of California, Berkeley"
"Stephanie J. Steele","Psychology","Visiting Assistant Professor of Psychology","2007, B.A., Smith College","2012, M.A., Suffolk University","2017, Ph.D., Suffolk University"
"Doris J. Stevenson","Music","Lyell B. Clay Artist in Residence, Piano","1967, B.M., Arizona State University","1969, M.M., University of Southern California"
"Tyran K. Steward","History","Assistant Professor of History","2000, B.A., Morehouse College","2009, M.A., Eastern Michigan University","2013, Ph.D., Ohio State University"
"Mihai Stoiciu","Mathematics and Statistics","Chair and Professor of Mathematics","2005, Ph.D., California Institute of Technology"
"Jason Josephson Storm","Religion","Chair and Professor of Religion, Chair of Science and Technology Studies","1999, B.A., Hampshire College","2001, M.A., Harvard University","2006, Ph.D., Stanford University"
"Frederick W. Strauch","Physics","Chair and Professor of Physics","1998, B.S., Loyola College","2004, Ph.D., University of Maryland"
"Laura R. Strauch","Chemistry","Lecturer in Chemistry","1999, B.S., Loyola College"
"Catherine B. Stroud","Psychology","Associate Professor of Psychology","2002, B.A., University of Wisconsin, Madison","2006, M.A., State University of New York, Stony Brook","2009, Ph.D., State University of New York, Stony Brook"
"Erin Sullivan","Athletics","Assistant Professor of Physical Education, Head Men's Soccer Coach","1996, B.A., Williams College","2006, M.B.A., Western New England College"
"Matthew Swagler","History","Visiting Assistant Professor of History","2002, B.A., Brown University","2012, M.Phil., Columbia University","2017, Ph.D., Columbia University"
"Anand V. Swamy","Economics","The Willmott Family Third Century Professor of Economics","1983, B.A., University of Delhi","1985, M.A., Delhi School of Economics","1993, Ph.D., Northwestern University"
"Steven J. Swoap","Biology","Howard B. Schow '50 and Nan W. Schow Professor of Biology and Director of the Williams-Exeter Programme at Oxford University","1990, B.A., Trinity University","1994, Ph.D., University of California, Irvine"
"Munjulika Tarah","Dance","Assistant Professor of Dance","2006, B.A., Randolph College","2007, M.A., Northwestern University","2013, Ph.D., Northwestern University"
"John W. Thoman","Chemistry","J. Hodge Markgraf Professor of Chemistry","1982, B.A., Williams College","1987, Ph.D., Massachusetts Institute of Technology"
"Owen Thompson","Economics","Assistant Professor of Economics","2005, B.A., Evergreen State College","2013, Ph.D., University of Massachusetts, Amherst"
"Christian Thorne","English","Professor of English","1995, B.A., Wesleyan University","2001, Ph.D., Duke University"
"Ben W. Thuronyi","Chemistry","Assistant Professor of Chemistry","2007, B.A., Swarthmore College","2015, Ph.D., University of California, Berkeley"
"Stephen J. Tifft","English","Professor of English","1975, B.A., Harvard University","1976, M.A., Cornell University","1984, Ph.D., Cornell University"
"Claire S. Ting","Biology","Professor of Biology","1986, B.A., Yale University","1989, M.S., Cornell University","1994, Ph.D., Cornell University"
"Matthew Tokeshi","Political Science","Assistant Professor of Political Science","2006, B.A., University of California, Berkeley","2012, M.A., Princeton University","2016, Ph.D., Princeton University"
"Chad M. Topaz","Mathematics and Statistics","Professor of Mathematics","1996, A.B., Harvard University","1997, M.S., Northwestern University","2002, Ph.D., Northwestern University"
"Cecile Tresfels","Romance Languages","Assistant Professor of French","2010, M.A., University of Paris III","2019, Ph.D., Stanford University"
"David R. Tucker-Smith","Physics","Professor of Physics","1995, B.A., Amherst College","2001, Ph.D., University of California, Berkeley"
"Laurie L. Tupper","Mathematics and Statistics","Assistant Professor of Statistics","2008, B.A., Swarthmore College","2013, M.S., Cornell University","2016, Ph.D., Cornell University"
"Amanda K. Turek","Chemistry","Assistant Professor of Chemistry","2009, B.S., University of Wisconsin, Madison","2015, Ph.D., Harvard University"
"Daniel B. Turek","Mathematics and Statistics","Assistant Professor of Statistics","2003, B.S., Massachusetts Institute of Technology","2003, B.S., Massachusetts Institute of Technology","2004, M.Eng., Massachusetts Institute of Technology","2013, Ph.D., University of Otago"
"Damian Turner","Biology","Assistant Professor of Biology","2004, B.S., Morgan State University","2010, Ph.D., University of Connecticut Health Center"
"Benjamin Twagira","History","Assistant Professor of History","2000, B.A., La Roche College","2008, M.A., University of Wisconsin, Madison","2018, Ph.D., Boston University"
"Elizabeth M. Upton","Mathematics and Statistics","Assistant Professor of Statistics","2007, B.S., University of New Hampshire","2011, M.Ed., Harvard School of Education","2019, Ph.D., Boston University"
"Vincent van der Vinne","Biology","Visiting Assistant Professor of Biology","2008, B.S., University of Groningen","2010, M.Sc., University of Groningen","2015, Ph.D., University of Groningen"
"Janneke van de Stadt","German and Russian","Chair of German and Russian and Professor of Russian","1988, B.A., Amherst College","1994, M.A., University of Wisconsin, Madison","2000, Ph.D., University of Wisconsin, Madison"
"Emily Vasiliauskas","English","Assistant Professor of English","2007, A.B., Harvard University","2008, M.Phil., University of Cambridge, Trinity College","2009, M.A., Warburg Institute","2015, Ph.D., Princeton University"
"Tommy Verdell","Athletics","Assistant Professor of Physical Education, Associate Athletic Director for Inclusion and Compliance","2018, M.A., Concordia University Irvine"
"Kate Wachala","Athletics","Assistant Professor of Physical Education and Head Coach of Women's Crew","2001, B.A., University of Washington"
"Zachary Wadsworth","Music","Assistant Professor of Music","2005, B.M., Eastman School of Music","2007, M.M., Yale University","2012, D.M.A., Cornell University"
"Chen Wang","Chinese","Visiting Assistant Professor of Chinese","2004, B.A., East China Normal University","2007, M.A., East China Normal University","2015, M.A., University of Minnesota, Twin Cities","2019, Ph.D., University of Minnesota, Twin Cities"
"Dorothy J. Wang","American Studies","Professor and Chair of the American Studies Program","1985, B.A., Duke University","1987, M.P.A., Princeton University","1993, M.A., Johns Hopkins University","1998, Ph.D., University of California, Berkeley"
"Carolyn J. Wargula","Art","Visiting Assistant Professor of Art","2013, B.A., St. John's University","2015, M.A., University of Pittsburgh","2020, Ph.D., University of Pittsburgh"
"Chris Waters","History","Hans W. Gatzke '38 Professor of Modern European History","1977, B.A., California State University, Long Beach","1979, M.A., Harvard University","1985, Ph.D., Harvard University"
"Tara E. Watson","Economics","Professor of Economics","1996, B.A., Wesleyan University","2003, Ph.D., Harvard University"
"Phillip J. Webster","Religion","Visiting Assistant Professor of Religion","2016, Ph.D., University of Pennsylvania"
"Elizabeth Iams Wellman","Political Science","Visiting Assistant Professor of Political Science","2002, A.B., Duke University","2010, M.A., University of Chicago","2019, Ph.D., Yale University"
"Brad Wells","Music","Lyell B. Clay Artist in Residence and Director of Choral/Vocal Activities, Lecturer in Music","1984, B.A., Principia College","1986, M.M., University of Texas, Austin","1998, M.M.A., Yale University","2005, D.M.A., Yale University"
"Carmen T. Whalen","History","Carl W. Vogt '58 Professor of History, Faculty Fellow of the Davis Center and the Office of Institutional Diversity, Equity and Inclusion","1985, B.A., Hampshire College","1989, M.A., Rutgers University","1994, Ph.D., Rutgers University"
"Alan White","Philosophy","Mark Hopkins Professor of Philosophy","1972, B.A., Tulane University","1976, M.A., Pennsylvania State University","1980, Ph.D., Pennsylvania State University"
"Robert Wiesenberger","Graduate Program in the History of Art","Lecturer in the Graduate Program in Art History","2018, Ph.D., Columbia University"
"Amanda R. Wilcox","Classics","Professor of Classics","1996, B.A., Reed College","1999, M.A., University of Pennsylvania","2002, Ph.D., University of Pennsylvania"
"Aaron M. Williams","Computer Science","Assistant Professor of Computer Science","2009, Ph.D., University of Victoria"
"Heather Williams","Biology","William Dwight Whitney Professor of Biology","1977, A.B., Bowdoin College","1985, Ph.D., Rockefeller University"
"Mason B. Williams","Leadership Studies","Assistant Professor of Leadership Studies and Political Science","2006, B.A., Princeton University","2009, M.A., Columbia University","2012, Ph.D., Columbia University"
"Ricardo A Wilson","English","Assistant Professor of English","2000, B.A., Brown University","2015, Ph.D., University of Southern California"
"John D. Wiltshire-Gordon","Mathematics and Statistics","Visiting Assistant Professor of Mathematics","2011, B.A., University of Chicago","2016, Ph.D., University of Michigan"
"Bud Wobus","Geosciences","Edna McConnell Clark Professor of Geology","1962, B.A., Washington University","1963, M.A., Harvard University","1966, Ph.D., Stanford University"
"Scott Wong","History","Charles R. Keller Professor of History","1976, B.A., Rutgers University","1979, M.A., University of Michigan","1992, Ph.D., University of Michigan"
"Saadia Yacoob","Religion","Assistant Professor of Religion","2003, B.A., American University","2007, M.A., McGill University","2015, Ph.D., Duke University"
"Kasumi Yamamoto","Asian Studies","Frank M. Gagliardi Professor of Japanese","1980, B.A., Aoyama Gakuin University","1985, M.A., Columbia University","1994, M.A., Cornell University","2000, Ph.D., Cornell University"
"Li Yu","Chinese","Professor of Chinese","1994, B.A., East China Normal University","1997, M.A., Ohio State University","2003, Ph.D., Ohio State University"
"Safa R. Zaki","Psychology","Dean of the Faculty, Professor of Psychology","1989, B.A., American University","1993, M.A., Arizona State University","1996, Ph.D., Arizona State University"
"Liya Zalaltdinova","German and Russian","Visiting Lecturer in Russian","2019, Ph.D., State University of New York at Albany"
"Sofia E. Zepeda","Williams-Mystic Program","Assistant Professor at Williams-Mystic","2008, B.A., University of California, Santa Cruz","2012, M.A., University of Arizona","2019, Ph.D., University of Arizona"
"David J. Zimmerman","Economics","Professor of Economics and Orrin Sage Professor of Political Economy","1985, B.A., University of Toronto","1987, M.A., Princeton University","1992, Ph.D., Princeton University"
"Charles U. Zug","Leadership Studies","Visiting Assistant Professor of Leadership Studies","2015, B.A., St. John's College","2017, M.A., University of Texas at Austin","2020, Ph.D., University of Texas at Austin"
